name,URL,start,end,
Haifa Muni,https://www.haifa.muni.il/CityHall/Documents/Forms/DispForm.aspx?ID=,1,186,
Savannah-Chatham County Public School System,https://spwww.sccpss.com/Announcements/Forms/DispForm.aspx?ID=,4,63,
Arab Republic of Egypt,http://www.sharkia.gov.eg/services/window/Lists/List/DispForm.aspx?ID=,3,11544,
Association of Public Health Laboratories,https://www.aphl.org/Lists/Calendar/DispForm.aspx?ID=,544,773,
Colorado Parks and Wildlife,https://cpw.state.co.us/aboutus/Pages/News-Release-Details.aspx?NewsID=,4510,7961,
ICAO,https://www.icao.int/safety/FSMP/Lists/Meetings/DispForm.aspx?ID=,1,16,
Santa Ana College,https://sac.edu/art/Lists/SampleSurvey/DispForm.aspx?ID=,1,9794,
Givatayim Muni,https://www.givatayim.muni.il/News/News/Lists/List/DispForm.aspx?ID=,1,378,
ITCC,https://www.just.edu.jo/Centers/cic/Lists/feedback/DispForm.aspx?ID=346,1,346,
South Africa Agricultural Research Council,https://www.arc.agric.za/Lists/Client%20Questionnaire%20%20ARC%20Irene%20Analytical%20Service/DispForm.aspx?ID=,1,439,
National Organization of Transplants,http://www.ont.es/infesp/Lists/eNCUESTA%20pROFESIONAL/DispForm.aspx?ID=,2669,12741,
MaineCare Services,https://mainecare.maine.gov/Lists/Quarterly%20Dental%20Provider%20Survey/DispForm.aspx?ID=,1,8161,
Romania Ministry of Justice,http://portal.just.ro/3/Lists/Jurisprudenta/DispForm.aspx?ID=,1,929,
The Unique Forestry Window,https://vuf.minagricultura.gov.co/Lists/Informacin%20Servicios%20Web/DispForm.aspx?ID=,1,1961684,
Ashkelon Muni,https://www.ashkelon.muni.il/Lists/List7/DispForm.aspx?ID=,1,142,
South Africa Cooperative Goverance,https://www.ndmc.gov.za/sites/register/Lists/CAP%20Form/DispForm.aspx?ID=,995,11194,
The International Council for the Exploration of the Sea,https://www.ices.dk/stes/pub/Publication%20Reports/Forms/DispForm.aspx?ID=,168,36474,
Global Nuclear Safety and Security Network,https://gnssn.iaea.org/main/SLS/Lists/2017%20Survey%20Pilot%20SLS/DispForm.aspx?ID=,1,6847,
Global Nuclear Safety and Security Network,https://www.flickr.com/photos/iaea_imagebank/page,1,452,
Ecole Mission Secondary,https://mss.mpsd.ca/Lists/Calendar/DispForm.aspx?id=,1,793,
South Africa National Treasury,https://oag.treasury.gov.za/RMF/Lists/Framework%20Feedback/DispForm.aspx?ID=,1,25198,
Beer-Sheva Muni,https://www.beer-sheva.muni.il/Lists/List9/DispForm.aspx?ID=,1,96,
El Paso Community College,https://www.epcc.edu/Admissions/FinancialAid/Scholarships/Lists/Scholarships/DispForm.aspx?ID=,1,35,
COLORADO PARKS & WILDLIFE,https://cpw.state.co.us/learn/Lists/Wildlife%20Species/DispForm.aspx?ID=,1,344,
Haifa Muni,https://www.haifa.muni.il/CityHall/Gizbarut/_catalogs/masterpage/Forms/DispForm.aspx?ID=,1,7,
Companies Commision of Malaysia,https://www.ssm.com.my/Lists/Press%20Release/DispForm.aspx?ID=,1,225,
University of Johannesburg,https://www.uj.ac.za/studyatUJ/sec/PublishingImages/Forms/DispForm.aspx?ID=,1,113,
Savitribai Phule Pune University,http://collegecirculars.unipune.ac.in/_layouts/mobile/dispform.aspx?List=7dae8c71-35f4-4842-b6f9-b8ff1d3ac73c&ID=,2,2135,
Ben Gurion University,https://in.bgu.ac.il/engn/ece/Pages/Forms/DispForm.aspx?ID=,1401,1543,
Stellenbosch University,https://www.sun.ac.za/english/Lists/news/DispForm.aspx?ID=,3354,8597,
Yoqneam Muni,http://www.yoqneam.org.il/muni/city/Lists/List/DispForm.aspx?ID=,1,36,
South Hobart Primary School,https://southhobartprimary.education.tas.edu.au/School%20Photos/Forms/DispForm.aspx?ID=,2,9,
Brunei Ministry of Health,http://www.moh.gov.bn/COVID-19/Lists/Press%20Release/DispForm.aspx?ID=,1,118,
Ministry of Health and Social Protection of Colombia,https://www.minsalud.gov.co/Normatividad_Nuevo/Forms/DispForm.aspx?ID=,1,6809,
Ben Gurion University,https://in.bgu.ac.il/engn/ece/Lists/Custom%20List%20Research%20List/DispForm.aspx?ID=,1,20,
Givatayim Muni,https://www.givatayim.muni.il/Services/others/Lists/List3/DispForm.aspx?ID=,125,219,
Haifa Muni,https://www.haifa.muni.il/PublicInfo/Lists/List1/DispForm.aspx?ID=,1,94,
International Atomic Energy Agency,https://nucleus-new.iaea.org/sites/naipc/twd/Picture%20Gallery/Forms/DispForm.aspx?ID=,1,2511,
Israel Educational Workers Portal,https://poh.education.gov.il/MerhavMinhali/Lists/MessagesToMerchavList/DispForm.aspx?ID=,4,44,
Beer-Sheva Muni,https://www.beer-sheva.muni.il/Lists/List1/DispForm.aspx?ID=,23,2596,
Hobart College,https://hobartcollege-intranet.education.tas.edu.au/staff/Lists/Gymnasium/DispForm.aspx?ID=,1,119,
Connect NCDOT,https://connect.ncdot.gov/business/Prequal/Pages/Forms/DispForm.aspx?ID=,1,11,
Petah-Tikva Muni,https://www.petah-tikva.muni.il/Engineering/Lists/List6/DispForm.aspx?ID=,1,45,
The Consultative Committee for Space Data Systems,https://cwe.ccsds.org/fm/Lists/Projects/DispForm.aspx?ID=,82,613,
City of Barrie Canada,https://www.barrie.ca/City%20Hall/MediaRoom/Lists/Press%20Releases/DispForm.aspx?ID=,660,1037,
DEPARTMENT OF THE NAVY ISSUANCES,https://www.secnav.navy.mil/doni/Directives/Forms/DispForm.aspx?ID=,1874,4319,
Citrus College,https://www.citruscollege.edu/stdntsrv/ctcenter/transfercalendar/Lists/Transfer/DispForm.aspx?ID=,1,528
Eafit Private University in Medell√≠n Colombia,https://www.eafit.edu.co/agendaeafit/Lists/agenda/DispForm.aspx?ID=,6,4596,
